Time (s),Acceleration x (m/s^2),Acceleration y (m/s^2),Acceleration z (m/s^2),Gyroscope x (rad/s),Gyroscope y (rad/s),Gyroscope z (rad/s)
0.0,-0.6929247975349426,-0.42165830731391907,9.680916786193848,0.024079156168870977,0.03176533451927309,-0.09469940345877646
0.008333333333333333,-0.7276251316070557,-0.44756004214286804,9.709026336669922,0.022796561143132003,0.031457764380504155,-0.08747994825059996
0.016666666666666666,-0.6713951826095581,-0.5514731407165527,9.744842529296875,0.02433933868499331,0.024031770626818983,-0.07054023802450003
0.025,-0.613781750202179,-0.6232847571372986,9.782428741455078,0.029744205391957712,0.014604317687182185,-0.05232685436231291
0.03333333333333333,-0.5251166820526123,-0.7614307999610901,9.773703575134277,0.042141428325736724,0.009736361941031875,-0.041240847113612804
0.041666666666666664,-0.4660044014453888,-0.8429401516914368,9.789460182189941,0.056254430242502124,0.00037686544729191547,-0.033375837496011876
0.05,-0.47296419739723206,-0.8757517337799072,9.83382797241211,0.07312665014091455,-0.008036443850842328,-0.03298154193246343
0.058333333333333334,-0.4793601334095001,-0.9487014412879944,9.919519424438477,0.08355236820922153,-0.010570786486607944,-0.03220322478150937
0.06666666666666667,-0.3976217210292816,-1.0512617826461792,9.951744079589844,0.08708631639672942,0.0027252332893497756,-0.033455859244984947
0.075,-0.3451750576496124,-1.146583914756775,9.916619300842285,0.08376115171630534,0.029382991282575096,-0.03139584588515982
0.08333333333333333,-0.3079225718975067,-1.2550466060638428,9.884648323059082,0.07417499518164584,0.0639401675068487,-0.02241991942477834
0.09166666666666666,-0.4191957116127014,-1.4093022346496582,10.030794143676758,0.05811550963008754,0.09674131564556748,-0.012860140668478235
0.1,-0.5896540284156799,-1.5740419626235962,10.186081886291504,0.044019493687649805,0.10850370755449885,0.00047789931620254044
0.10833333333333334,-0.6740993857383728,-1.7435117959976196,10.33693790435791,0.031783666638308,0.10300633553095163,0.020180856335321216
0.11666666666666667,-0.6169565916061401,-1.9352084398269653,10.422945022583008,0.026600085731388567,0.08293230940604543,0.036483975353540525
0.125,-0.6736986041069031,-2.0663201808929443,10.385464668273926,0.0251288348707419,0.06556698858704801,0.050890694810217234
0.13333333333333333,-0.5940575003623962,-2.344912528991699,10.570793151855469,0.023155097527262327,0.05314295095004326,0.061038349732395525
0.14166666666666666,-0.35332509875297546,-2.514681816101074,10.488941192626953,0.014454556487757259,0.04942123326092797,0.06705836295868159
0.15,-0.1527445912361145,-2.7345871925354004,10.420027732849121,-0.00027024336135565247,0.06512530332025837,0.07112788116378284
0.15833333333333333,-0.026408735662698746,-2.9185094833374023,10.391026496887207,-0.019348219020507942,0.09716467503510601,0.07519516897147113
0.16666666666666666,0.11098501831293106,-3.0264272689819336,10.348309516906738,-0.04104413521640762,0.14210016714087778,0.08119058540837679
0.175,0.23352858424186707,-3.0751092433929443,10.335598945617676,-0.07128324332387533,0.1957876804383826,0.09371255247209082
0.18333333333333332,0.28992730379104614,-3.1660397052764893,10.29942512512207,-0.10149015631047749,0.24667659425962085,0.11054723428270072
0.19166666666666668,0.30132412910461426,-3.2991015911102295,10.284605026245117,-0.13285495348239726,0.28405432647499196,0.13209250710706438
0.2,0.3844335973262787,-3.4817991256713867,10.229543685913086,-0.1568688601239667,0.3112914403391275,0.15591819483859246
0.20833333333333334,0.41462552547454834,-3.630098342895508,10.092646598815918,-0.16942521525525636,0.33210084846478866,0.1874528683985457
0.21666666666666667,0.4397968649864197,-3.7575058937072754,10.009407043457031,-0.16514117110197082,0.3478747183118143,0.22359492715763366
0.225,0.4214346408843994,-3.7814016342163086,9.831576347351074,-0.15625375313594245,0.3658181323408731,0.26046739113518946
0.23333333333333334,0.32006898522377014,-3.7541422843933105,9.727270126342773,-0.1452674479805522,0.38409773716804074,0.29695990524897503
0.24166666666666667,0.14006172120571136,-3.8279378414154053,9.707182884216309,-0.1403167646721494,0.4009806804510299,0.3252315573280655
0.25,-0.021535206586122513,-3.819201707839966,9.651390075683594,-0.13475230595626742,0.41274489496083233,0.3523484960480112
0.25833333333333336,-0.1358388066291809,-3.8120975494384766,9.590080261230469,-0.13470629152605787,0.4197516384993172,0.3804950128453815
0.26666666666666666,-0.1739671230316162,-3.7722458839416504,9.440274238586426,-0.1401777809527609,0.42502110219020245,0.40684749117442
0.275,-0.22608186304569244,-3.727799654006958,9.242508888244629,-0.14920647961461797,0.4237805351754163,0.43280026231335117
0.2833333333333333,-0.2796923816204071,-3.6873390674591064,9.136713981628418,-0.1554942695273223,0.41547337007664575,0.4545360177346828
0.2916666666666667,-0.2604003846645355,-3.713648796081543,8.952981948852539,-0.15730841486188427,0.4068104399457542,0.4788105646231869
0.3,-0.21207617223262787,-3.7230520248413086,8.697393417358398,-0.1506947372555383,0.40658956402284574,0.5042779413639376
0.30833333333333335,-0.26875820755958557,-3.6785807609558105,8.485740661621094,-0.14048897132613666,0.41169717409848156,0.5266162702714131
0.31666666666666665,-0.34958332777023315,-3.5873818397521973,8.369857788085938,-0.12667681090519853,0.42108491680955173,0.5544834880494613
0.325,-0.35209381580352783,-3.4975476264953613,8.164894104003906,-0.1089091488633282,0.4321365359906762,0.5831659660162102
0.3333333333333333,-0.32119256258010864,-3.4132707118988037,7.927483558654785,-0.08908904682598263,0.44774911814418394,0.6110787571384124
0.3416666666666667,-0.3311682939529419,-3.233438014984131,7.698235034942627,-0.06891846030561505,0.46852114214604307,0.6398950922394513
0.35,-0.43986159563064575,-3.0550825595855713,7.561931133270264,-0.04424691099998576,0.48558697801689354,0.6740129821225109
0.35833333333333334,-0.5172953009605408,-2.9108121395111084,7.393761157989502,-0.014362716961446958,0.500303106857967,0.7051538573810255
0.36666666666666664,-0.6317360997200012,-2.850193738937378,7.137147903442383,0.025561194912527067,0.5125221227029276,0.7331101246080233
0.375,-0.7884948253631592,-2.811044931411743,6.911731243133545,0.06481609367294336,0.5242939605113505,0.7570512104385358
0.38333333333333336,-0.9630129933357239,-2.723865270614624,6.806801795959473,0.10424133487458385,0.5230525945482373,0.7793690995846452
0.39166666666666666,-1.0752274990081787,-2.6141183376312256,6.744248390197754,0.14039191574916007,0.5111153744361205,0.798564299194582
0.4,-1.127606749534607,-2.437939405441284,6.626892566680908,0.16617845570179987,0.4888941580375812,0.8255995787376033
0.4083333333333333,-1.2395896911621094,-2.2399215698242188,6.577576160430908,0.18404901563028817,0.4489611560457926,0.8590334356946759
0.4166666666666667,-1.4136440753936768,-2.0261998176574707,6.463756084442139,0.19433838817316149,0.40519852840647014,0.8909373731845255
0.425,-1.5541528463363647,-1.946384310722351,6.42248010635376,0.20228209836216346,0.35196160532064996,0.9191265338488506
0.43333333333333335,-1.5153229236602783,-1.8351393938064575,6.324211597442627,0.21183254357108067,0.3021401197538291,0.9430922539194465
0.44166666666666665,-1.4086761474609375,-1.732530117034912,6.059734344482422,0.22723223928495023,0.2585188560341194,0.9599145104190955
0.45,-1.2957655191421509,-1.6501092910766602,5.758491516113281,0.2488445904792703,0.22948359244671918,0.9728482188320926
0.4583333333333333,-1.135739803314209,-1.5212961435317993,5.545388698577881,0.2741523939364547,0.2139458284750858,0.9786497821087757
0.4666666666666667,-1.029566764831543,-1.365805745124817,5.369187355041504,0.2977389797363641,0.21040826837534948,0.980714264585805
0.475,-0.9683067202568054,-1.2280020713806152,5.256063461303711,0.3169957982360227,0.21682572094362706,0.9764789729252248
0.48333333333333334,-0.8755286931991577,-1.0509288311004639,5.2248992919921875,0.3283205911659621,0.2283449745674126,0.9708390635267096
0.49166666666666664,-0.8252259492874146,-0.7761404514312744,5.240551948547363,0.3311169436000589,0.2367008921588884,0.9742424502417762
0.5,-0.9660207033157349,-0.477342814207077,5.161077976226807,0.329126197395711,0.22816572718129347,0.9819241386690282
0.5083333333333333,-1.2250398397445679,-0.162667915225029,5.252007484436035,0.32330689080826525,0.19472519567673868,0.9949471961365972
0.5166666666666667,-1.4815319776535034,0.22396093606948853,5.3775200843811035,0.3174219040104354,0.13510560756438003,1.0073553297084672
0.525,-1.6206626892089844,0.6552941799163818,5.519331455230713,0.2988959567824354,0.053890146566946226,1.0238954242906224
0.5333333333333333,-1.6124505996704102,0.9320279955863953,5.643772125244141,0.2666455253900098,-0.028199509541873703,1.0458985943749115
0.5416666666666666,-1.498050332069397,0.9933136701583862,5.658125877380371,0.22839374370487467,-0.10144756237779304,1.0663330959981168
0.55,-1.1350513696670532,1.1099990606307983,5.56351375579834,0.18903556838962296,-0.1520804964840042,1.0859127229114065
0.5583333333333333,-0.746438205242157,1.1546871662139893,5.379409313201904,0.14604192851506087,-0.17487852028514117,1.1038658907679577
0.5666666666666667,-0.46618056297302246,1.0039736032485962,5.134673595428467,0.11912211365005147,-0.18196565799903278,1.1130420120409075
0.575,-0.27655357122421265,0.8880125880241394,5.017759799957275,0.11009785913826346,-0.1785917158587682,1.1132166488293895
0.5833333333333334,-0.16436448693275452,0.9383207559585571,4.952454566955566,0.11663155036574459,-0.16461544645803236,1.1042629680864886
0.5916666666666667,-0.13288146257400513,1.0680656433105469,4.992068767547607,0.12724639448333924,-0.147394914217362,1.0959084320098282
0.6,-0.22419686615467072,1.331754446029663,5.094499588012695,0.1430627500721301,-0.13375574275398133,1.0864151948300773
0.6083333333333333,-0.3012832999229431,1.6182178258895874,5.272885799407959,0.15968152441974026,-0.1365288091732968,1.0855993354301317
0.6166666666666667,-0.4205215573310852,1.8624688386917114,5.452048301696777,0.170723772602779,-0.15181627761435476,1.085211312859307
0.625,-0.4501093327999115,2.0978434085845947,5.694242477416992,0.1788574993355581,-0.18719885276482257,1.0889295517942483
0.6333333333333333,-0.47237464785575867,2.2873010635375977,5.730510234832764,0.2007430742129635,-0.23224768734211243,1.0999818034761317
0.6416666666666667,-0.4147811233997345,2.6231753826141357,5.874861717224121,0.21574802287425604,-0.29099645506752875,1.1129242337416987
0.65,-0.22924821078777313,3.0689163208007812,5.999474048614502,0.21434611823168154,-0.35230515310127014,1.1266319233465
0.6583333333333333,0.0036762403324246407,3.3290019035339355,5.974033832550049,0.1998776633719854,-0.403428991020167,1.1401149753133533
0.6666666666666666,0.22069138288497925,3.3956310749053955,5.940181732177734,0.1788107109241568,-0.4508781992669726,1.1453918958552907
0.675,0.2926461696624756,3.229506254196167,6.010532379150391,0.15589688954987185,-0.4897495653797146,1.134354291559403
0.6833333333333333,0.3748281002044678,3.0140771865844727,6.000843524932861,0.14755084229918614,-0.5151618812649278,1.1119272793876276
0.6916666666666667,0.4294583201408386,2.8896477222442627,6.078347682952881,0.1462851916358828,-0.5296181521626369,1.0804664919031675
0.7,0.47843658924102783,2.9302408695220947,6.237853527069092,0.14779756752942516,-0.5426761636195133,1.0406437114909943
0.7083333333333334,0.5676621198654175,2.921034336090088,6.35775899887085,0.15544350301904267,-0.5587159501013835,0.9994765673605497
0.7166666666666667,0.6303865313529968,3.0478596687316895,6.5346221923828125,0.17070146862864957,-0.5795593801099703,0.963445196234268
0.725,0.7556312084197998,3.320844888687134,6.767074108123779,0.18970710110324324,-0.612358805516359,0.9406615202135039
0.7333333333333333,0.8364773392677307,3.471134662628174,6.939975738525391,0.21236785559494342,-0.6478143346359382,0.921902280074013
0.7416666666666667,1.005786657333374,3.6451878547668457,6.998518943786621,0.23810074949637494,-0.6846756799159429,0.9068642083466626
0.75,1.2152847051620483,3.8695061206817627,6.9990105628967285,0.25879582478748764,-0.6991564186061671,0.8975777656255562
0.7583333333333333,1.3952065706253052,3.789457082748413,6.912694931030273,0.2701120456676683,-0.7011174372748469,0.8896096542230664
0.7666666666666667,1.6486639976501465,3.8679652214050293,6.89077615737915,0.27557325695703927,-0.6787026090650587,0.8741210422183018
0.775,1.9191397428512573,4.047013759613037,6.9892659187316895,0.26114002240275946,-0.6307209017582919,0.8625393541117107
0.7833333333333333,2.06485915184021,4.055605411529541,6.954072952270508,0.23611071901657002,-0.5719737652190432,0.8449706801375397
0.7916666666666666,2.117236614227295,4.040688991546631,6.891262531280518,0.212841498794814,-0.5133245664288821,0.8184820144082574
0.8,2.1311399936676025,4.174548149108887,7.071535110473633,0.19220141778021146,-0.4682439736555931,0.7959502734266147
0.8083333333333333,2.1807243824005127,4.306542873382568,7.187636852264404,0.1840055395254926,-0.4217753413221547,0.7783483099388178
0.8166666666666667,2.1247947216033936,4.533173084259033,7.2022528648376465,0.19088476758203307,-0.37856888158698176,0.7640777612376282
0.825,1.9666106700897217,4.7362141609191895,7.320008277893066,0.20383277384113252,-0.3565795932298746,0.7488274355713985
0.8333333333333334,1.6505300998687744,4.78342342376709,7.522573471069336,0.213210612921899,-0.35712457585744567,0.7308326558228148
0.8416666666666667,1.2405117750167847,4.568027496337891,7.661805629730225,0.2274885851846272,-0.37548943512900945,0.7027422984349314
0.85,1.026437759399414,4.453778266906738,7.716654300689697,0.24199901812100566,-0.40427164847858166,0.6687009744332116
0.8583333333333333,1.13479483127594,4.4987030029296875,7.840823173522949,0.2492935495047872,-0.436928428319083,0.6326893772780239
0.8666666666666667,1.446811556816101,4.548314571380615,7.778879165649414,0.25200724407655073,-0.45359242647095405,0.5967553446895847
0.875,1.6471920013427734,4.519775867462158,7.629697799682617,0.26244455521797794,-0.454849471794985,0.5606024002595411
0.8833333333333333,1.6321074962615967,4.655987739562988,7.591666221618652,0.27261901235981434,-0.45632426382764374,0.5258756784617757
0.8916666666666667,1.5909783840179443,5.001371383666992,7.768876075744629,0.2774404324868074,-0.46475603157591633,0.5029252885567725
0.9,1.4955285787582397,5.333819389343262,7.881911277770996,0.2648921001283016,-0.47747778565565674,0.490563760303979
0.9083333333333333,1.3125356435775757,5.616642475128174,8.064469337463379,0.23664636393556904,-0.498731242603575,0.48105141494340675
0.9166666666666666,1.1997023820877075,5.807089328765869,8.17967414855957,0.20128449486257657,-0.5435899607685468,0.4775250567650056
0.925,1.2285432815551758,5.8992085456848145,8.236669540405273,0.17196002862555057,-0.5924775756096178,0.4766819665429138
0.9333333333333333,1.3372410535812378,5.865105152130127,8.146981239318848,0.14793182413787878,-0.642783756494833,0.4639164700422688
0.9416666666666667,1.608281135559082,5.967707633972168,8.15146255493164,0.12415485560954234,-0.6867368334416097,0.4507655475528622
0.95,1.8363771438598633,6.180997371673584,8.408616065979004,0.1020949768387913,-0.7400067797249469,0.4385461988127653
0.9583333333333334,1.8842196464538574,6.337847709655762,8.65325927734375,0.07660937408933045,-0.7977306631943599,0.4255264037175313
0.9666666666666667,1.8694199323654175,6.537149906158447,8.974882125854492,0.042072244394043515,-0.8681824593035341,0.41029225675492387
0.975,1.7440266609191895,6.672985076904297,9.444435119628906,-0.008061056244682245,-0.9553901992012144,0.3981584620648457
0.9833333333333333,1.6458873748779297,6.719527721405029,9.787001609802246,-0.0688546318244264,-1.051978457985508,0.37773900730179943
0.9916666666666667,1.6163830757141113,6.541480541229248,10.076580047607422,-0.1362620270110981,-1.1485854254764594,0.35057975761003507
1.0,1.7106038331985474,6.168769836425781,10.211448669433594,-0.19520631237241828,-1.2374844058243943,0.30812364351199184
1.0083333333333333,2.0223472118377686,5.977653503417969,10.192654609680176,-0.22562981525704956,-1.3007279569691057,0.2543765586298533
1.0166666666666666,2.511711835861206,5.901413917541504,10.128889083862305,-0.23640210212933835,-1.3242114451453153,0.19043387776472587
1.025,3.117063522338867,6.069666862487793,10.241141319274902,-0.24319412830493556,-1.318441573485604,0.12260842454356058
1.0333333333333334,3.644893169403076,6.451400279998779,10.43508243560791,-0.2671195847088007,-1.2837605581900473,0.06366464684732318
1.0416666666666667,3.9459471702575684,6.936959266662598,10.67279052734375,-0.3043488456933999,-1.2318559480185665,0.01318275038532501
1.05,3.920156478881836,7.207493305206299,10.934060096740723,-0.37279331742044053,-1.174697320490523,-0.025822550884004716
1.0583333333333333,3.494121551513672,7.040207386016846,11.322938919067383,-0.4625100213810844,-1.1388795348836656,-0.0669140237887885
1.0666666666666667,2.9288015365600586,6.682863712310791,11.71926498413086,-0.5464925733301378,-1.139730681168055,-0.12211905204850171
1.075,2.4446821212768555,6.184816360473633,11.932196617126465,-0.5999990748973013,-1.1785226850803125,-0.18222028948875796
1.0833333333333333,2.1581366062164307,5.570256233215332,12.038743019104004,-0.6227147737312411,-1.2480234663642196,-0.2530500880251553
1.0916666666666666,2.235959768295288,4.910975933074951,12.212688446044922,-0.6018729416193083,-1.3195340021647546,-0.3426808551063737
1.1,2.82083797454834,4.413608551025391,12.228151321411133,-0.5503143093629423,-1.3669314785073854,-0.434696666036083
1.1083333333333334,3.499117374420166,4.322164535522461,12.004744529724121,-0.4921085934733068,-1.3680787683049915,-0.521543680764112
1.1166666666666667,4.114970684051514,4.460292339324951,11.9087553024292,-0.4646739729248282,-1.3240587128567993,-0.6064161612809289
1.125,4.54129695892334,4.727015972137451,11.775174140930176,-0.476557963104657,-1.2525142217523657,-0.676804507577132
1.1333333333333333,4.576496601104736,4.7963128089904785,11.93067741394043,-0.51330535837952,-1.181558688723003,-0.7451890914691593
1.1416666666666666,4.439532279968262,4.684229373931885,12.1733980178833,-0.542970709236076,-1.1220932310587326,-0.8130606839562103
1.15,4.270284175872803,4.6485724449157715,12.440402030944824,-0.5602154429531526,-1.0682578290969444,-0.8806555074269747
1.1583333333333334,4.041337490081787,4.477441787719727,12.578298568725586,-0.5720597187432255,-1.0191699112523858,-0.9400554513284292
1.1666666666666667,3.7909939289093018,4.293006420135498,12.761223793029785,-0.5512963500149091,-1.0109934740736246,-1.0070826885918704
1.175,3.7578179836273193,4.191927433013916,12.854634284973145,-0.4985007793007422,-1.019777178559951,-1.0615134402153459
1.1833333333333333,3.925715446472168,4.276529788970947,12.779683113098145,-0.4404463975400504,-1.021684268216557,-1.097808131394409
1.1916666666666667,4.033710956573486,4.318448543548584,12.534846305847168,-0.3843952122618026,-1.0267998011964354,-1.1297387670741867
1.2,4.057869911193848,4.211197853088379,12.285385131835938,-0.33573905940897314,-1.036811822156534,-1.1671018519035623
1.2083333333333333,4.048512935638428,4.065988063812256,12.291573524475098,-0.2907754126970522,-1.0615401384052738,-1.2143318154136271
1.2166666666666666,4.032499313354492,3.864832878112793,12.393360137939453,-0.2494823176918034,-1.0884525796430151,-1.266625646578423
1.225,4.053237438201904,3.840569019317627,12.58383846282959,-0.2222236155780814,-1.1093731081651599,-1.3191106927094867
1.2333333333333334,4.201885223388672,3.8177521228790283,12.71922492980957,-0.20693613881464507,-1.1236162928861488,-1.3677916795394809
1.2416666666666667,4.54096794128418,3.608952283859253,12.777337074279785,-0.19120251598959317,-1.1315132313085063,-1.4184371471475723
1.25,5.144507884979248,3.5242035388946533,12.674560546875,-0.16978048094467293,-1.1193043687652016,-1.477917252197838
1.2583333333333333,5.711058616638184,3.737582206726074,12.47377872467041,-0.16054340657227398,-1.0855330227189885,-1.5359692371135487
1.2666666666666666,6.055781364440918,4.049355983734131,12.323394775390625,-0.1779250267693805,-1.0386149819515995,-1.5802414939169716
1.275,6.1097493171691895,4.206590175628662,12.419268608093262,-0.2068062930667469,-0.9948320809984786,-1.6070267692126616
1.2833333333333334,5.833703994750977,4.127039432525635,12.663990020751953,-0.24265500463176262,-0.969774398301923,-1.6328824681298595
1.2916666666666667,5.485271453857422,4.068467617034912,12.95266342163086,-0.27190330446161237,-0.9726204519798636,-1.6541391541605994
1.3,5.15442419052124,3.8551864624023438,13.284493446350098,-0.2913964951527723,-1.0076930851137165,-1.6669456300525178
1.3083333333333333,5.041402339935303,3.5069081783294678,13.339581489562988,-0.2932335769622226,-1.0538007259613946,-1.6717755390054856
1.3166666666666667,5.225616455078125,3.1026079654693604,13.468860626220703,-0.28094675037800576,-1.0975644521546668,-1.6781709872052564
1.325,5.6154279708862305,2.8978676795959473,13.62413501739502,-0.24626713324202115,-1.1278600400831902,-1.6825813151284819
1.3333333333333333,6.169017791748047,2.8423376083374023,13.642602920532227,-0.2311633147252594,-1.1345544281153224,-1.6943821813927866
1.3416666666666666,6.8290863037109375,3.041428327560425,13.501823425292969,-0.2570470267681735,-1.118441238255907,-1.7073403243087852
1.35,7.347578525543213,3.0909643173217773,13.283388137817383,-0.30971611397531834,-1.0671225901032708,-1.7156475226970693
1.3583333333333334,7.420474052429199,2.9503235816955566,13.379424095153809,-0.37624097918862986,-0.9969287877246981,-1.7277161698089816
1.3666666666666667,7.230376243591309,2.590409994125366,13.553055763244629,-0.4345614107422206,-0.9212712440537187,-1.7442326954154894
1.375,6.909207820892334,1.9967033863067627,13.725021362304688,-0.4622385121079508,-0.8620920096276047,-1.756316256229506
1.3833333333333333,6.577349662780762,1.401214361190796,13.821393013000488,-0.45051740751829406,-0.8162374356625114,-1.7568538152955386
1.3916666666666666,6.300262928009033,0.8274121880531311,13.955556869506836,-0.4005936898551278,-0.8017586943431048,-1.7508668960069858
1.4,5.941585063934326,0.4855348467826843,14.207707405090332,-0.3226571460813132,-0.8057109585588369,-1.7449762499918395
1.4083333333333334,5.6616034507751465,0.6415182948112488,14.754892349243164,-0.24432552235978527,-0.8295021084199781,-1.756040219582519
1.4166666666666667,5.7797064781188965,1.3305158615112305,15.34952163696289,-0.18923124415071652,-0.8607450493272698,-1.7670567849057954
1.425,6.383341312408447,2.0572409629821777,15.45595645904541,-0.18899011155876666,-0.8607034374352375,-1.7664766152623217
1.4333333333333333,7.208838939666748,2.535529375076294,15.197696685791016,-0.2365114248920861,-0.816984585506333,-1.773877806247761
1.4416666666666667,7.891288757324219,2.41194748878479,14.805302619934082,-0.31027591043645303,-0.7371046665060603,-1.7939123676542637
1.45,8.2572021484375,1.7761759757995605,14.542025566101074,-0.37153467419975544,-0.6255336631660627,-1.8245491065184263
1.4583333333333333,8.322471618652344,1.0278240442276,14.450740814208984,-0.39407799993213993,-0.49704695966166795,-1.8448640987877138
1.4666666666666666,8.044525146484375,0.5445016622543335,14.412751197814941,-0.3916762946820792,-0.3741346185034589,-1.8474984977380204
1.475,7.715903282165527,0.36928603053092957,14.584227561950684,-0.3686868561775928,-0.2686483889773175,-1.838649878700123
1.4833333333333334,7.452775955200195,0.5445734858512878,14.676996231079102,-0.3442184311617309,-0.18761024457421255,-1.827235969742207
1.4916666666666667,7.4492902755737305,1.0905897617340088,14.566627502441406,-0.34011350123651,-0.1160645384025315,-1.8093065040193577
1.5,7.667047500610352,1.7923638820648193,14.461353302001953,-0.3766044008088848,-0.05000154438483463,-1.7752389478809003
1.5083333333333333,7.835594177246094,2.1542270183563232,14.290345191955566,-0.4828103662643769,0.030859225167292652,-1.736275835868605
1.5166666666666666,7.800050735473633,2.0362534523010254,13.849064826965332,-0.6412049014425796,0.11713631926085549,-1.699524345983566
1.525,7.43406867980957,1.5826804637908936,13.607687950134277,-0.7962352982422805,0.1909933579754811,-1.6716273340908228
1.5333333333333334,6.92361307144165,0.8890710473060608,13.551694869995117,-0.9101294435801814,0.23386822086542564,-1.6426195177074072
1.5416666666666667,6.426112651824951,0.06130876764655113,13.547983169555664,-0.9689419607241916,0.25229979232229593,-1.6181041877668463
1.55,6.101506233215332,-0.6946055889129639,13.535518646240234,-0.9941434541196115,0.2555891957427073,-1.5983797514692832
1.5583333333333333,6.048269748687744,-1.1716877222061157,13.489380836486816,-0.9826846708973275,0.2594570876861543,-1.5848395746970478
1.5666666666666667,6.183356761932373,-1.3265204429626465,13.39411735534668,-0.9573886352832098,0.26757112367162367,-1.5619511698664164
1.575,6.337655067443848,-1.2027857303619385,13.375825881958008,-0.9420000915564049,0.277083019623762,-1.5326639878846515
1.5833333333333333,6.435822010040283,-0.799078106880188,13.309322357177734,-0.9430740112659795,0.28118999685407087,-1.4877625592736974
1.5916666666666666,6.495107173919678,-0.3555350601673126,13.358945846557617,-0.9566150535655691,0.2847820352428561,-1.4312778446594985
1.6,6.614413738250732,-0.28394028544425964,13.123754501342773,-0.9841199815668257,0.29239175174164855,-1.375676633736933
1.6083333333333334,6.766019821166992,-0.6319385170936584,12.81451416015625,-1.0165362446713793,0.30812094706138815,-1.3284425423271788
1.6166666666666667,7.032069206237793,-1.1736595630645752,12.648161888122559,-1.0448857942123544,0.3406648421611837,-1.295985799174056
1.625,7.321087837219238,-1.6899473667144775,12.416905403137207,-1.0687397946752213,0.4080253407455348,-1.2727687602649087
1.6333333333333333,7.467374801635742,-2.1498301029205322,12.362825393676758,-1.095365879516752,0.5115092892508569,-1.2540195735585329
1.6416666666666666,7.46740198135376,-2.4736759662628174,12.211821556091309,-1.120731556793375,0.6162519475558913,-1.2283645438294726
1.65,7.188644886016846,-2.610198736190796,11.98637866973877,-1.1388541016952554,0.6995575572453603,-1.1953040620572288
1.6583333333333334,6.803785800933838,-2.6750121116638184,11.812461853027344,-1.1327173795953858,0.7581161419794313,-1.1554859421769637
1.6666666666666667,6.3847198486328125,-2.6976163387298584,11.68161392211914,-1.1041535121656865,0.7913231641906566,-1.112350389105814
1.675,6.136077404022217,-2.606332302093506,11.770296096801758,-1.0661071933586508,0.8089868464367161,-1.062915195055109
1.6833333333333333,5.867431163787842,-2.7099759578704834,11.789443969726562,-1.034971511264262,0.8102418611004161,-1.012614606808183
1.6916666666666667,5.584588050842285,-2.926398754119873,11.696105003356934,-1.005746114619787,0.8109129776951159,-0.9686064024268415
1.7,5.387406349182129,-3.0762851238250732,11.561853408813477,-0.974123207203968,0.8138883944230071,-0.937389959972396
1.7083333333333333,5.23117208480835,-3.3004093170166016,11.45634651184082,-0.9416297124278022,0.8263864762606943,-0.9163343426039572
1.7166666666666666,5.134037494659424,-3.538257598876953,11.414227485656738,-0.9044139004067079,0.8452126949016007,-0.8988668687512091
1.725,4.992292404174805,-3.731326103210449,11.431652069091797,-0.8661123176091883,0.8627506093651812,-0.8779113862397572
1.7333333333333334,4.782223224639893,-3.773137331008911,11.469114303588867,-0.8246962344958482,0.866830106101992,-0.8484979038432953
1.7416666666666667,4.602372646331787,-3.8604774475097656,11.36768627166748,-0.7783551009995975,0.8573450581425929,-0.8135231418795027
1.75,4.528008937835693,-3.903520345687866,11.19308853149414,-0.7231594895110512,0.8420611766466282,-0.7740584234758908
1.7583333333333333,4.520723819732666,-3.4029386043548584,11.196401596069336,-0.685054847476143,0.8341823477196832,-0.7170908111770332
1.7666666666666666,4.667051792144775,-2.9380946159362793,11.272283554077148,-0.6778472683019525,0.82803457350129,-0.6517060785158982
1.775,4.935825347900391,-3.0065207481384277,10.98171329498291,-0.688145978553398,0.8613929964204862,-0.612300948341677
1.7833333333333334,5.066397666931152,-3.208461046218872,10.726064682006836,-0.7080801387868045,0.9311706798787339,-0.592066250379255
1.7916666666666667,5.012742042541504,-3.550670862197876,10.60545825958252,-0.7321753550654054,1.0130863192162634,-0.5855028232937275
1.8,4.856020450592041,-3.6708967685699463,10.661789894104004,-0.7503762634823613,1.0878840613293106,-0.576659463998983
1.8083333333333333,4.472415924072266,-3.629301071166992,10.653824806213379,-0.7657981633018194,1.1409522731600743,-0.5621939053269724
1.8166666666666667,3.959725856781006,-3.599039077758789,10.64435863494873,-0.7795693692986191,1.152811595810306,-0.5397097017707877
1.825,3.407885789871216,-3.5062825679779053,10.609338760375977,-0.7910263548871672,1.121164853102731,-0.5003053039658663
1.8333333333333333,2.9200029373168945,-3.275052547454834,10.637377738952637,-0.8085768527868985,1.040955900549779,-0.44423001707975324
1.8416666666666666,2.633547306060791,-3.146411657333374,10.619418144226074,-0.8202130025377817,0.9321683000230777,-0.3765042659518978
1.85,2.6949453353881836,-2.9367520809173584,10.510589599609375,-0.8252591601712638,0.8198584692176649,-0.29372869189838197
1.8583333333333334,3.0857372283935547,-2.757736921310425,10.349614143371582,-0.8362912384078898,0.7283962628995558,-0.20541256099976757
1.8666666666666667,3.644470453262329,-2.8829588890075684,10.26401138305664,-0.8586769050037416,0.6887861359004257,-0.12809089118738176
1.875,4.400314807891846,-3.256894826889038,9.887471199035645,-0.8792340451951449,0.7208974004811379,-0.07236738291413296
1.8833333333333333,4.9976372718811035,-3.42366099357605,9.322084426879883,-0.8874622808571083,0.8158769768089692,-0.03262246459373668
1.8916666666666666,5.241012096405029,-3.42028546333313,9.086687088012695,-0.8920296687056214,0.9306188063218424,-0.0037355908338446023
1.9,5.03936243057251,-3.359919786453247,8.995965003967285,-0.9036388539504675,1.0341605121333055,0.028976998616176322
1.9083333333333334,4.427206039428711,-3.4138879776000977,8.993529319763184,-0.9164282856114095,1.103212750510616,0.0744997759989594
1.9166666666666667,3.4676902294158936,-3.4251794815063477,9.331440925598145,-0.9171672462348793,1.090906616008496,0.1361174340086636
1.925,2.6290299892425537,-3.3976709842681885,9.665529251098633,-0.8952702696990571,0.9981995150388294,0.2147484885828789
1.9333333333333333,2.2386579513549805,-3.302560329437256,9.71438217163086,-0.8605115566786972,0.8541555232630595,0.3024546723680811
1.9416666666666667,2.485605239868164,-3.6389706134796143,9.383048057556152,-0.8155312319204496,0.7246993958323623,0.3989303793068052
1.95,3.2643871307373047,-4.2221808433532715,8.834296226501465,-0.7480276882960477,0.657211631437419,0.4779732334869523
1.9583333333333333,3.975285291671753,-4.156966686248779,8.11253833770752,-0.6637906380153236,0.6775378089832853,0.5160903923789839
1.9666666666666666,4.467678546905518,-3.8460559844970703,7.8336286544799805,-0.5988024500405014,0.7630187552301582,0.5324607437311601
1.975,4.706320285797119,-3.5431883335113525,7.769217491149902,-0.558692580862818,0.8763576314807777,0.5383951654567246
1.9833333333333334,4.668254375457764,-3.141495943069458,7.771735191345215,-0.5497254178668985,0.9979191507550712,0.5472601629353259
1.9916666666666667,4.217463493347168,-2.910320520401001,7.862952709197998,-0.5513852995953177,1.0941243138165568,0.5689627952905997
2.0,3.425863027572632,-2.768829345703125,8.151290893554688,-0.5569150539932447,1.1266343201914812,0.5989661678685141
2.0083333333333333,2.4956042766571045,-2.6925835609436035,8.399826049804688,-0.554480325545667,1.092023279453566,0.6296353972979756
2.0166666666666666,1.709079623222351,-2.7737860679626465,8.643320083618164,-0.5473678212223924,0.9984505179715694,0.6577092430871003
2.025,1.3168493509292603,-3.2996480464935303,8.5327787399292,-0.5293847260930914,0.8886770152093207,0.6895950710815373
2.033333333333333,1.1030726432800293,-4.343408107757568,8.081872940063477,-0.48115041795693053,0.7920063981683165,0.7128902737686785
2.0416666666666665,1.1279048919677734,-4.900328636169434,7.564531326293945,-0.37485447094610735,0.7079413880940114,0.6978888870853439
2.05,1.353601336479187,-4.4958815574646,7.224875450134277,-0.22654053312607259,0.6724953797753292,0.663443827862368
2.058333333333333,1.5361987352371216,-3.6278412342071533,7.048689365386963,-0.12693467980012385,0.6719717357259924,0.6282709267134734
2.066666666666667,1.5001612901687622,-2.9175381660461426,7.073060989379883,-0.09040991647001309,0.6731022476087312,0.5963788402904748
2.075,1.32193124294281,-2.60416316986084,7.105236530303955,-0.07148702508153683,0.666046402037648,0.577635246222388
2.0833333333333335,1.1125948429107666,-2.513301134109497,7.179600238800049,-0.061083411250277504,0.6551075344391747,0.5813003550935825
2.091666666666667,1.0170543193817139,-2.3955893516540527,7.100329399108887,-0.05630485553326709,0.6295879930305722,0.5908673618355286
2.1,1.075669527053833,-2.2639074325561523,7.04876708984375,-0.04055179163225763,0.5926833713828537,0.6019825972771923
2.1083333333333334,1.0460070371627808,-2.4644837379455566,6.899742603302002,-0.019381117382348826,0.5438065756337112,0.6150978001184783
2.1166666666666667,0.8421154618263245,-2.6577162742614746,6.668802261352539,0.015221505269808049,0.502240789577595,0.6339200240177495
2.125,0.6511843800544739,-2.69621205329895,6.546485900878906,0.06205057981203181,0.4577139678634743,0.6469628554564126
2.1333333333333333,0.4448082447052002,-2.682995557785034,6.4773383140563965,0.1078313176359027,0.4026872673670663,0.6593017468399405
2.1416666666666666,0.3129309117794037,-2.4249722957611084,6.614363193511963,0.1574010429335486,0.32859526294289004,0.6682078901573835
2.15,0.2894397974014282,-2.0285627841949463,6.734781265258789,0.19532638764806726,0.25135470303045404,0.6792255873241231
2.158333333333333,0.4902152121067047,-1.6425628662109375,6.731404781341553,0.20910724760381855,0.19594375832301805,0.7074547619838267
2.1666666666666665,0.7550156116485596,-1.3200560808181763,6.585150241851807,0.20038391365045266,0.1680865273990576,0.7480750259844238
2.175,0.9681230187416077,-1.1009953022003174,6.501795768737793,0.1809295218874238,0.15707652010996562,0.792783641732456
2.183333333333333,1.0760605335235596,-1.0879591703414917,6.412399768829346,0.16598322934914025,0.16197716927938854,0.8453702874591063
2.191666666666667,1.0999699831008911,-1.1997168064117432,6.234132766723633,0.16243902799143556,0.19456612173587687,0.8948460281374074
2.2,1.063310980796814,-1.4051827192306519,6.011553764343262,0.16815508715237032,0.2512119076617554,0.9288934108306072
2.2083333333333335,0.8528546690940857,-1.4779728651046753,5.908965587615967,0.1879178230353599,0.316220518753187,0.9535702614912815
2.216666666666667,0.5019172430038452,-1.395020842552185,6.030520439147949,0.21055807118666645,0.3657109068174838,0.9775891116256243
2.225,0.13820499181747437,-1.2139437198638916,6.147221088409424,0.22029360609134419,0.3947583044326006,1.004465733346704
2.2333333333333334,-0.0952024832367897,-1.1506831645965576,6.31253719329834,0.2130415354821926,0.3996107503862932,1.0347780326110676
2.2416666666666667,-0.22493791580200195,-1.2450252771377563,6.408538818359375,0.1922150831255549,0.3758659395281194,1.0706551401312063
2.25,-0.2697625160217285,-1.4311999082565308,6.457921981811523,0.17397104814369665,0.3271095519497621,1.1018849649701297
2.2583333333333333,-0.13157407939434052,-1.5732319355010986,6.37913179397583,0.1588818437234167,0.27019438727962214,1.1240123049402437
2.2666666666666666,0.032068055123090744,-1.5762172937393188,6.239468574523926,0.14907030885913086,0.21319403474411328,1.136789352902117
2.275,-0.06021936982870102,-1.5119870901107788,6.265305519104004,0.13520178096924554,0.16989677786052532,1.1348226084370934
2.283333333333333,-0.12154857069253922,-1.2916189432144165,6.390378475189209,0.12114257074531053,0.13898272902547987,1.1214415555399901
2.2916666666666665,-0.15172547101974487,-1.174320101737976,6.283476829528809,0.11611185944615085,0.12886588770935162,1.1053863560133113
2.3,-0.14872711896896362,-1.040788173675537,6.1473236083984375,0.11564311812716169,0.1372876935706717,1.0825657952114496
2.308333333333333,-0.1708276867866516,-0.9159738421440125,6.120429039001465,0.12266451737402038,0.1543128413334927,1.0710261184710546
2.316666666666667,-0.29743847250938416,-0.8187510371208191,6.20097017288208,0.13074994102252818,0.16405906217204438,1.0727222191902988
2.325,-0.4141619801521301,-0.6731011271476746,6.216444492340088,0.14529040110019734,0.16833428460421904,1.0828535497672327
2.3333333333333335,-0.45769041776657104,-0.44405892491340637,6.200332164764404,0.1587856536737944,0.1582684178558306,1.0915494365166138
2.341666666666667,-0.47210389375686646,-0.24780143797397614,6.080749034881592,0.1766401181224445,0.13755147135426563,1.0969461327285777
2.35,-0.35750773549079895,-0.03641350939869881,6.005593776702881,0.1839923735228535,0.12034523695969762,1.0965196940590287
2.3583333333333334,-0.2921701669692993,0.05720720440149307,5.90535831451416,0.19377256631006054,0.11272698170066013,1.0924907973829294
2.3666666666666667,-0.18418148159980774,0.33102819323539734,5.85640287399292,0.20071620957546732,0.12095143900282691,1.0820248406150272
2.375,-0.07526566833257675,0.7998173236846924,5.818253517150879,0.21560890599681304,0.153549313048967,1.0781546017608694
2.3833333333333333,-0.06876905262470245,1.150979995727539,5.741302013397217,0.2330521450836413,0.20365475816701756,1.0909939011132233
2.3916666666666666,-0.13223017752170563,1.3858489990234375,5.719660758972168,0.2605044922981256,0.2842520328964167,1.1108719352266565
2.4,-0.2739754617214203,1.6216355562210083,5.761748313903809,0.2921587584357802,0.36046381367975516,1.1441941391550277
2.408333333333333,-0.45805975794792175,1.8951326608657837,5.9440484046936035,0.3208719626236058,0.41640224737535175,1.1914034631666444
2.4166666666666665,-0.6679930686950684,2.166780948638916,6.157443523406982,0.34375990140104656,0.4313326275261221,1.237734742966862
2.425,-0.8997941017150879,2.4923226833343506,6.2381062507629395,0.35215385226184004,0.39780892217177277,1.2673008910728125
2.433333333333333,-1.1967048645019531,2.9153659343719482,6.277620315551758,0.3474919554841427,0.3383827794230948,1.2693477966866473
2.441666666666667,-1.463698387145996,3.193366527557373,6.342046737670898,0.324716601841785,0.267371985801113,1.2387760389530829
2.45,-1.6301469802856445,3.2504444122314453,6.407881259918213,0.30834615062106796,0.19124329564378503,1.1869204309456596
2.4583333333333335,-1.8130968809127808,3.1526618003845215,6.471078872680664,0.3154667110066401,0.11888074803150624,1.1319631723746753
2.466666666666667,-1.8799089193344116,3.1826226711273193,6.822068691253662,0.34523822212214955,0.04471304325334449,1.0909804521497184
2.475,-1.868201494216919,3.284825325012207,7.136185646057129,0.3831533802454986,-0.02655347000933917,1.071185841557432
2.4833333333333334,-1.727931261062622,3.5415091514587402,7.317938804626465,0.41303091846190687,-0.08640378149885575,1.065860984115873
2.4916666666666667,-1.524030327796936,3.9302785396575928,7.5416646003723145,0.4243789807618707,-0.12277210908205959,1.072932608916415
2.5,-1.3672738075256348,4.320016860961914,7.763764381408691,0.4058794321181761,-0.1342663456363552,1.0830825816209795
2.5083333333333333,-1.2477391958236694,4.556145668029785,7.903077125549316,0.3662712692003501,-0.11650529156293962,1.0842684872543917
2.5166666666666666,-1.0927239656448364,4.460709095001221,7.9460954666137695,0.3188753574648598,-0.07642505837476175,1.0677039581692351
2.525,-0.9953171610832214,4.127161026000977,7.928622245788574,0.2723928101147257,-0.018801085058118772,1.0362340493580413
2.533333333333333,-1.0131750106811523,3.7129440307617188,7.825286865234375,0.2230446182078824,0.03293357382392298,0.9866732206829119
2.5416666666666665,-1.150172472000122,3.336618661880493,7.8475165367126465,0.176534423916682,0.07292835283062292,0.9188102168903765
2.55,-1.465912938117981,3.1259849071502686,8.020415306091309,0.12300726620631358,0.09642813622375256,0.839475180649134
2.558333333333333,-1.8156086206436157,3.12410306930542,8.26740837097168,0.06931564165387595,0.09666771253094042,0.7579183356894656
2.566666666666667,-2.0926928520202637,3.1788673400878906,8.459122657775879,0.011667644751665304,0.07487382529643943,0.6790185931283966
2.575,-2.183474063873291,3.084979295730591,8.554670333862305,-0.03831626347302867,0.0431602996633414,0.6080227132085192
2.5833333333333335,-2.241391658782959,2.8674685955047607,8.745694160461426,-0.07818891989899167,0.0014739341774969478,0.5404742953197494
2.591666666666667,-2.263969659805298,2.65865421295166,8.839997291564941,-0.10008152718615052,-0.04388383891962389,0.46979323433023307
2.6,-2.117480993270874,2.476848602294922,8.912565231323242,-0.10789153004367372,-0.08844293065601579,0.4044000128431235
2.6083333333333334,-1.9183766841888428,2.3238842487335205,8.872746467590332,-0.1027893211916238,-0.12095353624218534,0.3508775323094196
2.6166666666666667,-1.7659952640533447,2.3491196632385254,8.781844139099121,-0.09645546691443951,-0.13782620971022091,0.3084030423998548
2.625,-1.6794707775115967,2.4908103942871094,8.768568992614746,-0.09637409902075918,-0.13782261444274932,0.2814121710680107
2.6333333333333333,-1.6121033430099487,2.639594078063965,8.919530868530273,-0.10698397467844513,-0.13550817765265913,0.26819813166076917
2.6416666666666666,-1.573995590209961,2.668161392211914,9.015613555908203,-0.12675935225423418,-0.13114807528311664,0.26203327992188563
2.65,-1.4608650207519531,2.5979440212249756,9.058147430419922,-0.14753393122626413,-0.12649069755689402,0.26228904325507413
2.658333333333333,-1.389763355255127,2.3699569702148438,9.027260780334473,-0.16114667913820416,-0.11826045620173474,0.2688285518250614
2.6666666666666665,-1.3447394371032715,2.114004611968994,9.011442184448242,-0.15913228073442504,-0.1188854418529275,0.27256276972654325
2.675,-1.3733203411102295,1.8578733205795288,9.004032135009766,-0.14241560192724084,-0.10967524044040312,0.2712671751457333
2.683333333333333,-1.5075669288635254,1.6837579011917114,9.052913665771484,-0.1204975115174013,-0.09699459890999083,0.2590814488143986
2.691666666666667,-1.647737979888916,1.6392463445663452,9.237702369689941,-0.10027685340735103,-0.0892717563215189,0.24426160649362336
2.7,-1.7377114295959473,1.5267107486724854,9.289380073547363,-0.08661804945330943,-0.08378463746816847,0.2284382018503222
2.7083333333333335,-1.7573579549789429,1.419765830039978,9.339509963989258,-0.0708782181339663,-0.08302865758085745,0.21211047772034408
2.716666666666667,-1.6947202682495117,1.4256700277328491,9.396275520324707,-0.05284185562167458,-0.08885776793006607,0.20173210566279165
2.725,-1.658291220664978,1.4302870035171509,9.417363166809082,-0.03901943370816126,-0.0891689250139282,0.18927275617420816
2.7333333333333334,-1.6039074659347534,1.408103108406067,9.488399505615234,-0.03176242584802002,-0.09021859331282613,0.1792467036841164
2.7416666666666667,-1.564004898071289,1.3279632329940796,9.533307075500488,-0.022386388562178564,-0.08518432835808687,0.16989702753187752
2.75,-1.5214500427246094,1.213638186454773,9.54780101776123,-0.006227669051095794,-0.07722546311800665,0.15938594682825508
2.7583333333333333,-1.4910109043121338,1.1192723512649536,9.585928916931152,0.005704840594842801,-0.07380460773066466,0.14401446397718354
2.7666666666666666,-1.6101280450820923,1.0054436922073364,9.625967979431152,0.019073062465037715,-0.07483820551685963,0.11683681350676244
2.775,-1.6211274862289429,1.0558019876480103,9.73973560333252,0.02734845064245765,-0.07895779115045436,0.07893252440961224
2.783333333333333,-1.524517297744751,1.23639714717865,9.771406173706055,0.028405731837002908,-0.07504205385354838,0.04056913963004598
2.7916666666666665,-1.4404429197311401,1.3468354940414429,9.700007438659668,0.022380356918428455,-0.07271782162407377,0.009375590998299405
2.8,-1.3827000856399536,1.3836817741394043,9.701099395751953,0.012057906042281198,-0.06615374123184131,-0.013225383849306896
2.808333333333333,-1.3748958110809326,1.4031823873519897,9.777125358581543,-0.0001383628244463786,-0.05762264173609794,-0.026332078098969525
2.816666666666667,-1.3990424871444702,1.3827660083770752,9.819995880126953,-0.011143458707434752,-0.04819787276349724,-0.03063853857849295
2.825,-1.4365869760513306,1.3018174171447754,9.847262382507324,-0.01867227752692681,-0.041277944115359774,-0.034029431322976963
2.8333333333333335,-1.3823615312576294,1.2539458274841309,9.924296379089355,-0.026471998085928764,-0.043661623093792006,-0.03843736656241081
2.841666666666667,-1.2972137928009033,1.2242618799209595,9.850579261779785,-0.04014913832019446,-0.05635971665172272,-0.0409171731726273
2.85,-1.2450469732284546,1.1338248252868652,9.764575004577637,-0.05243548220646372,-0.0634329767996215,-0.05264738244426075
2.8583333333333334,-1.1369550228118896,1.1065843105316162,9.767168045043945,-0.0602016843864335,-0.06775598216741704,-0.06779711136150196
2.8666666666666667,-1.0316855907440186,1.1104364395141602,9.657333374023438,-0.06969261210617665,-0.06324387571746906,-0.07463389112698011
2.875,-1.015033483505249,1.0345938205718994,9.589188575744629,-0.07992788086702934,-0.04054075615849062,-0.07952822361119251
2.8833333333333333,-1.0572292804718018,0.9827303290367126,9.610444068908691,-0.08714689498915032,-0.020489993161825173,-0.07842534202476345
2.8916666666666666,-1.14026939868927,0.9744324684143066,9.68920612335205,-0.09611253498982136,-0.008689587229076165,-0.07420917518976132
2.9,-1.210402250289917,0.9344934821128845,9.734099388122559,-0.10839934492928138,-0.010651702891259718,-0.06447998609861855
2.908333333333333,-1.2397679090499878,0.8584871888160706,9.69977855682373,-0.1206226551214998,-0.02683769587667788,-0.05206443728758842
2.9166666666666665,-1.2782814502716064,0.8060708045959473,9.756970405578613,-0.12811793891720288,-0.048648504587073864,-0.03931672154840896
2.925,-1.2905672788619995,0.7544689178466797,9.710097312927246,-0.13139438439443532,-0.07264629078166991,-0.028540516916485344
2.933333333333333,-1.2876819372177124,0.5513283610343933,9.633007049560547,-0.12601500705193544,-0.09353305541461947,-0.024066416688125227
2.941666666666667,-1.2762011289596558,0.3913551867008209,9.568158149719238,-0.11191853753987455,-0.10348488061170365,-0.02697583279406353
2.95,-1.1808583736419678,0.30848556756973267,9.549915313720703,-0.09408738407314104,-0.1048072649286041,-0.035180145779297366
2.9583333333333335,-1.0328377485275269,0.3417341113090515,9.583353042602539,-0.07690357848837855,-0.0957808299536736,-0.04491651292181575
2.966666666666667,-0.8641409873962402,0.4300635755062103,9.637189865112305,-0.0699291091333541,-0.07523250316100268,-0.04778882370362868
2.975,-0.8488928079605103,0.41942301392555237,9.724067687988281,-0.07368613035166977,-0.05593143873654594,-0.046316674026114106
2.9833333333333334,-0.8137445449829102,0.43814337253570557,9.795918464660645,-0.08506900516050803,-0.04260972023629194,-0.04578066292246522
2.9916666666666667,-0.7965153455734253,0.38538461923599243,9.800236701965332,-0.10469013577491104,-0.03058354846317202,-0.04318998974830658
3.0,-0.8218305706977844,0.34086570143699646,9.747629165649414,-0.1269980963235814,-0.01870312650308509,-0.04027744858927664
3.0083333333333333,-0.8803695440292358,0.25133222341537476,9.715967178344727,-0.1444630901075642,-0.015448131956195385,-0.04402285176733683
3.0166666666666666,-0.928912341594696,0.17733003199100494,9.743646621704102,-0.15390709209666234,-0.014844612839804894,-0.047717297022414035
3.025,-0.9422920942306519,0.07059178501367569,9.726329803466797,-0.15645084370136514,-0.019940568464779613,-0.04744593755209177
3.033333333333333,-0.9614549279212952,-0.013972410932183266,9.630343437194824,-0.14577026943911597,-0.02197286622391651,-0.04438854123570754
3.0416666666666665,-0.9445177912712097,-0.04963923245668411,9.613771438598633,-0.12503865890679877,-0.026678547034410426,-0.03636796555974315
3.05,-0.9632599353790283,-0.06747268885374069,9.585138320922852,-0.101166482369492,-0.025640041125550222,-0.02735225604998402
3.058333333333333,-0.9443817138671875,0.023665951564908028,9.560620307922363,-0.07832296844798513,-0.02116057088252332,-0.024715982483941575
3.066666666666667,-0.9718608260154724,0.07507484406232834,9.49372673034668,-0.0661836934717263,-0.01318202113691714,-0.026227465802399846
3.075,-0.9090229272842407,0.018177971243858337,9.426403999328613,-0.06005013387565118,-0.0024523076514411414,-0.036906660630428134
3.0833333333333335,-0.8355915546417236,-0.04337959736585617,9.295072555541992,-0.054801738285701944,0.016981300271889092,-0.054461977187256684
3.091666666666667,-0.7923488616943359,-0.1558849811553955,9.194124221801758,-0.04835657635851995,0.04333685059885684,-0.0704807746307856
3.1,-0.7991096377372742,-0.20644807815551758,9.252395629882812,-0.04106514506069483,0.06805393995912648,-0.08468273861152727
3.1083333333333334,-0.8475769758224487,-0.19885815680027008,9.230827331542969,-0.036515949931378286,0.08650338372362472,-0.09685467476184238
3.1166666666666667,-0.9336159825325012,-0.17084579169750214,9.270076751708984,-0.03496913603598983,0.10327499022829179,-0.10712970784672132
3.125,-1.1151891946792603,-0.12286750227212906,9.350024223327637,-0.03747933597214684,0.10692563480581559,-0.10884460049640741
3.1333333333333333,-1.263826847076416,-0.12168014794588089,9.418384552001953,-0.03989386600733196,0.09376304434188301,-0.10728840728055482
3.1416666666666666,-1.3172937631607056,-0.13216184079647064,9.432440757751465,-0.03521948982321409,0.07310117534061226,-0.10228590052181477
3.15,-1.3173407316207886,-0.16607901453971863,9.367658615112305,-0.023380636062673012,0.05179642757457478,-0.09452505795353874
3.158333333333333,-1.3414753675460815,-0.17124147713184357,9.262898445129395,-0.0034541524431234223,0.031749684286679666,-0.08618796558201845
3.1666666666666665,-1.3679537773132324,-0.19319230318069458,9.337109565734863,0.017043886638100556,0.01054150419818468,-0.07894661419625443
